,id,groupId,Fp1,Fp2,F3,F4,C3,C4,P3,P4,O1,O2,F7,F8,T7,T8,P7,P8,Fz,Cz,Pz,Oz,FC1,FC2,CP1,CP2,FC5,FC6,CP5,CP6,TP9,TP10,POz,ECG,F1,F2,C1,C2,P1,P2,AF3,AF4,FC3,FC4,CP3,CP4,PO3,PO4,F5,F6,C5,C6,P5,P6,AF7,AF8,FT7,FT8,TP7,TP8,PO7,PO8,FT9,FT10,FPz,CPz,average
0,jkdz_cyr_20180426_close,0,0.01381628719911036,0.0342444586153059,0.04471088440743835,0.023499232710400646,0.07021811660530004,0.046678879962539256,0.09800561951995154,0.10847167772209995,0.08799593778301551,0.09011031869334801,0.02661409208396983,0.022684306648086804,0.05431156196809533,0.029780510955474116,0.07397608652648083,0.06020725694013821,0.047313272308459324,0.07535757141472613,0.09421883625758387,0.0006382820159116572,0.04623594091743012,0.04478553786979343,0.07315629587692594,0.08197461768179218,0.025389554992673355,0.021019416740989744,0.06093978076438992,0.07587611998190098,0.04669757631000885,0.03411234440793622,0.06212125666615467,0.07837834992412236,0.05234382396704563,0.03228633219832649,0.05350868348688721,0.07434199310392811,0.09535693798337996,0.11071487628901987,0.056513110464697515,0.014227213422314483,0.05100810070267281,0.02600388730964221,0.08364181426263327,0.070616557623349,0.11179626376223203,0.12169027280495551,0.043368932926746914,0.016104028604887737,0.052760851493458584,0.04216449255547931,0.0709982631418868,0.12458544852644268,0.036302392208778525,0.026572312941592884,0.05425553400802507,0.020861488612503868,0.04487746754770086,0.05189175662411391,0.07855296527790327,0.07626620856414833,0.018381114781718593,0.07970542116980477,0.10568833283264027,0.09593088958128294,0.058544652363308636
1,jkdz_xl_20180710_close,0,0.06258513447070273,0.06981202245193528,0.10315298078260247,0.12712557681325054,0.18506164291741778,0.20474823818504229,0.21595314851339562,0.28558319796972426,0.2210003748913857,0.2734689865229145,0.10367210463167492,0.12030198290410077,0.17741372193556348,0.20179979641098522,0.2689945045076214,0.3547438160863833,0.08200723175951512,0.06014483327253808,0.17768025003585222,0.0013995802440091205,0.11544873848231403,0.12858227302921407,0.1361060480938316,0.18744306089132626,0.14168062576078885,0.15845388505888863,0.2110218603121783,0.2547515989572275,0.15939670215887033,0.1645781870455966,0.20404983518062825,0.2250521003011039,0.06563980082961397,0.10267033380171692,0.1209050975240434,0.16175498224439552,0.1713139289341901,0.23337732810031334,0.09608734570870009,0.08723547245957246,0.12868600444873116,0.1287556397232875,0.19237628529884523,0.22823207996536385,0.19684084591370146,0.2567658784622823,0.10481781722245231,0.109305096631833,0.18431477336936936,0.20062750286594586,0.24083369779369418,0.3247887317369255,0.0811578094051162,0.07119114904809995,0.15783246820138352,0.15894489818075955,0.2232352128298019,0.2801118290305724,0.24004143333143613,0.3763580226971962,0.026668181194974966,0.13508549643725612,0.2573829435532595,0.2282689756351011,0.17116907973685186
2,jkdz_zzp_20180513_close,0,0.09782847838176661,0.08428421409889214,0.10096071850109396,0.11341440629150687,0.2385471518541131,0.18321540677312473,0.2988857831904957,0.3253670813610978,0.3350269665544342,0.3428468244717115,0.08894801397949473,0.104212819805017,0.1887206604573936,0.18036689447313517,0.32077114175198984,0.3102451315957717,0.12232677460715964,0.22384150766977065,0.30956404735934473,0.009875322357451168,0.09843725654248196,0.11693259066541212,0.2871083037189779,0.3375361609412625,0.14928176940222068,0.14274632880971885,0.2740375288512582,0.23150783763037242,0.12117767237381055,0.11380200302811015,0.225606779936564,0.07363985435475359,0.10767626500416037,0.1257762923216788,0.24925259799763438,0.18513145388557314,0.33652409319312593,0.34256613638584293,0.10135562070697733,0.10915452989583671,0.1382051294918365,0.15260412288379757,0.28751339649443547,0.26046124902839,0.3362923416762307,0.3427501786878272,0.10085466824711868,0.11095928875343114,0.2078179084770487,0.18188552294802812,0.3174264633207429,0.31400363666696807,0.08981716164020366,0.06084930373321051,0.14045053987398465,0.13560117281294434,0.2540712858155554,0.21830708387802003,0.3151366069027934,0.3358327534975716,0.09382592105760387,0.30931744333638517,0.30913694677982345,0.29048748054039764,0.20331418793320133
3,jkdz_cc_01_20180430_close,0,0.00644283173017433,0.0056131917983523105,0.020949820911118848,0.02231923065542366,0.031362174970587395,0.03172562913312562,0.02825033638277353,0.030646347449563505,0.03308155991527825,0.03413082113534713,0.02256100161054517,0.02212394197337668,0.03271085515750389,0.019404191059202835,0.032031244549503575,0.03602601301158195,0.02014589878752999,0.030311733484913624,0.027825258688148218,0.020455687387526088,0.03036038663474937,0.034350774206250746,0.025297763474220768,0.02460023992206935,0.029641463952567355,0.034975577041065097,0.0307228605894655,0.029283014747937177,0.03405973721141471,0.02664412103651578,0.033315120256722404,0.03639394454472685,0.043863943035744195,0.023107262292543177,0.025577065081021564,0.032837841159789376,0.02743172933637485,0.02934594824763555,0.00864718354986085,0.012933766181349662,0.03779895236374319,0.03552605839067921,0.028790862460783606,0.028027783057404693,0.030529225777260714,0.030477072200306893,0.021049544024289386,0.021850720520264814,0.03289318139270255,0.028836483317055097,0.030652865482809516,0.03117412626175707,0.00836639446069817,0.009423943862938034,0.03240168259369683,0.02709340419488189,0.03232021235237582,0.03577011644166027,0.035249755836853476,0.03986236979915842,0.005506740884117642,0.0193541289553216,0.03027766990423422,0.0355807985129098,0.027348775083460997
4,jkdz_gyt_20180430_close,0,0.14351011657448046,0.14749544805352488,0.15038621474623898,0.1636282975581808,0.34596091883850516,0.28159800166451276,0.39319797263405787,0.3631182531239719,0.31234452715569067,0.2988515616896202,0.14915123759044865,0.14707560335662728,0.2335396542777099,0.2308121299452406,0.40149628121914527,0.3680382967758292,0.19144864733084505,0.0608698210182784,0.3249989773898782,0.008777747213569801,0.22295488784376907,0.21910964314776843,0.35125544765033334,0.34107176772426073,0.2027853876862962,0.18508580397238514,0.35913926548132635,0.31450760146447304,0.20288208122039245,0.16708358378905397,0.30854177008132155,0.23090059248792205,0.15628959475887808,0.17640514497184648,0.3202701552681993,0.3117658512140824,0.32928418888444044,0.3515669479019242,0.15814780698106398,0.16381184573720292,0.21451496199791403,0.21786349837003527,0.368539462781589,0.30870814630892646,0.3630957976200943,0.357318513765114,0.1509304497365243,0.1511178034722435,0.25699606916393525,0.24492263676486198,0.4084441557686622,0.37076217981247384,0.12943945436650478,0.12498566883554613,0.19078694741151736,0.1749684976758306,0.32939904463051567,0.3028982526976499,0.39834045963029174,0.3611973860480851,0.16133425550340122,0.3292719270292216,0.34711381493004323,0.3213946165801318,0.2558359855831939
5,jkdz_wqx_20180719_close,0,0.04883450089146614,0.047037161620365,0.06319096993271502,0.05280561494810252,0.0794953651509539,0.07655596314239642,0.1850164601904719,0.18379340273464112,0.17850840985453836,0.14342760431940293,0.04938076862806257,0.04345089580592165,0.06483349716960303,0.035348854848018064,0.17958315770831815,0.14721586183413546,0.07050612063161064,0.08644136728856988,0.1673670613347558,0.003475797643132881,0.04795049003117391,0.06456486957835968,0.11463598820821011,0.10853609752229282,0.05763988481279522,0.04697413399138908,0.12339447206900699,0.12579911266216592,0.026330872500012554,0.04826623391965106,0.07821850958930834,0.06956032878730246,0.06902508292762587,0.05732506025632064,0.08692080444256604,0.0901444716781798,0.18240802955879912,0.17215617726403687,0.06417116834424749,0.0595917841578823,0.07418112713235929,0.05205427332695073,0.11551131821696363,0.11968027052118727,0.18903343883007895,0.18772224218828115,0.05768392331484379,0.043753197583834086,0.07437685877041784,0.054848686446854825,0.1964669008944166,0.17621148177037127,0.04448075671751541,0.04030282553483042,0.022809170824751986,0.040896344149709864,0.08531538804276999,0.07260109614270019,0.18898270940111841,0.16753281173404022,0.04140640659693269,0.10597804303010835,0.19119309237471396,0.1595629189154704,0.09535105766312076
6,jkdz_zy_20180502_close,0,0.18676201741744328,0.16259226110080788,0.2503766449446505,0.2400533271812651,0.4772782436251898,0.4487406011866229,0.5352325565441384,0.5312052889983762,0.5225489496486745,0.5306659697880617,0.24172797981693736,0.2672017403872439,0.4248556026917324,0.3722764018076368,0.5357396301752327,0.5310028782669175,0.2899819406876308,0.41635627879706505,0.5190732604688312,0.0009377909535239677,0.003738035862514617,0.31893041174807546,0.5046260126129998,0.5187376510547834,0.3511441367361558,0.32146500053873545,0.5165109955297459,0.4928173943956022,0.3586245889706844,0.34442416650726726,0.44548867710430023,0.4604237675823771,0.2513836055845796,0.23904444766100566,0.3270099827937177,0.4879214436981837,0.5200269917561682,0.5210432517479875,0.2402742751141444,0.2239222404239814,0.35551361218943317,0.32307394211735646,0.5166705557913469,0.5186203219410125,0.5224157128528675,0.5272894662437086,0.2567023014291546,0.2626514646846205,0.44548637664641966,0.40419263240439607,0.5419475114356206,0.5314989543704971,0.2185935892963239,0.19451716876248587,0.33768735057440025,0.33616074353047504,0.5132446618260903,0.4719774790793789,0.5490790883823893,0.5152951925895501,0.1790830092028334,0.4899691928152616,0.5373945972563707,0.5438965784829308,0.3910176241533737
7,jkdz_qjy_20180411_close,0,0.005031765449381375,0.008658410018836242,0.09452527948858656,0.08286131313433627,0.1735868851542858,0.13130292304113342,0.26453118292491146,0.3219114136825565,0.25391326981534973,0.28649201074722,0.03591237378047505,0.07009573555482342,0.1886217132756058,0.1564857183513885,0.3112626178186567,0.33187854563889585,0.04179623675710377,0.24306189841726739,0.2762203414309227,0.005116057059016651,0.05613272653550437,0.01878123397442352,0.21997377879167687,0.2491690018703993,0.11052262210083866,0.10961233434018143,0.24710902344677643,0.28543057139538486,0.11925718443298367,0.11144390691111551,0.10450257797278582,0.28313080532505197,0.03569143628035274,0.08131122632803187,0.17139979248871948,0.2054439593467316,0.2573811612391701,0.31493208939367756,0.07172013811809524,0.008753560281924207,0.1141315659581834,0.1082513097995904,0.24492410281333873,0.2843926058614436,0.2570956280662312,0.30218718089376223,0.08624661251795335,0.08035666030084955,0.16549838222965088,0.18341336727468044,0.3100504417285758,0.3278951590877824,0.0217872332420823,0.033607736728245456,0.12450619039723589,0.11511331565566563,0.24815798401868647,0.2835952298686041,0.30924001954912833,0.2592930938936052,0.009679675015678676,0.2700285419455723,0.27895399105150204,0.2802186297249183,0.17255608562089914
8,jkdz_sd_20180417_close,0,0.05117786274922639,0.052111412861889875,0.09414939830049714,0.08864154074152729,0.1323023649405881,0.12448370419430975,0.1938750424833276,0.17429111520272655,0.15665873105518124,0.1513763703340841,0.07939625918511682,0.07542855938081315,0.11615445036534869,0.11323806220951001,0.16965149760644455,0.14144333195621359,0.08940642804936033,0.1202814914383626,0.1704285422786554,0.00199211852554096,0.001770845589947896,0.10275109966082598,0.1550181477407043,0.15087505451107916,0.10963074955744595,0.1017741504175191,0.15857335161732508,0.14562857675217153,0.09948310900230484,0.09992037609569919,0.13058173467008952,0.11471935771849863,0.09154659599568428,0.0850442379878606,0.09046181601289098,0.12455568171703932,0.17829399201950966,0.17632179892061695,0.06337464656099583,0.07427170367070793,0.0978131290060767,0.11299380049689012,0.14545499105223003,0.14681022052950918,0.1857487759931362,0.16598512123582315,0.08196576871645439,0.0754082680556427,0.11632723009672043,0.12191318156077334,0.1883674953347646,0.16593095000165334,0.06201086614972673,0.05981935182405633,0.09784301409357114,0.10031976308580429,0.14469047519004075,0.13326882271529142,0.1698937298470808,0.15720638631874265,0.04734207583324343,0.15078065864910498,0.17355048955925037,0.1535506059935818,0.11884500752213766
9,jkdz_wjf_20180530_close,0,0.19685056009648202,0.1961835522030496,0.17245103198147577,0.22470181832383457,0.33023558184118146,0.3741051824982589,0.4236588106948579,0.5006154673470601,0.4746587733567961,0.515252819580936,0.22030565233806762,0.22693139189872946,0.34415089653139014,0.42169496258289885,0.46534057202591567,0.5180376970178543,0.2011654326944807,0.326490261753989,0.44924642374982826,0.0027729844144631834,0.017686313136240257,0.205038281819082,0.4008084398574722,0.4164377983980699,0.21607599465396468,0.30984780792249333,0.33618728255304403,0.4777163139348383,0.2842027188300207,0.3438158490157093,0.3551631225316493,0.45539799895611055,0.16227820909220364,0.1977975672215137,0.25742705660249077,0.34225504480328856,0.4219489171962878,0.4632737449746991,0.215415221918772,0.21861653418996974,0.21687416040121105,0.26228985954694434,0.39636231236077923,0.4326161561155326,0.48921936187946874,0.5127911792750762,0.19213112925508005,0.25332303760644587,0.33050795044298514,0.39598752854682046,0.4225941619941974,0.5296956991319282,0.20101453231795724,0.2109843890036576,0.28310853536778685,0.34385629596857015,0.1624515359703962,0.4913256376889866,0.4994530372553756,0.5430160880225844,0.03458903028045841,0.40296043251995595,0.361380466931402,0.3632326431829321,0.32834383205634377
10,jkdz_ly_20180512_close,0,0.05325912853426624,0.07111341824719668,0.07853637312121944,0.07495932456420722,0.10322680340430722,0.11535082812215386,0.1374057517029969,0.1442784584798295,0.16963768250170788,0.15869616305806672,0.08354291296416501,0.07430852389210298,0.09906635553345887,0.09743814403955973,0.16398813562327752,0.16664856620701407,0.07708117295674602,0.0981608412759206,0.12444003576209998,0.0028295626598127525,0.08172070251965152,0.09263160105791904,0.11970638910565728,0.12965286626580885,0.09035816615556726,0.08152820135800787,0.13458776788002888,0.12352961933367804,0.09507515610552364,0.0841207365340889,0.16193030423755483,0.13745974708971084,0.07852153150833178,0.07518679775435981,0.10535966566952489,0.10944287599883858,0.12496679161963117,0.13704388548175314,0.07941151470072678,0.07222483022360304,0.08587674609289746,0.09083715278158831,0.12221654050012733,0.12809792511692253,0.14471876147889354,0.14623316448991303,0.08012482457168464,0.07523048345946007,0.10541652726533134,0.09613843412980784,0.1523719412311398,0.15512153348603078,0.07569826949899043,0.06347717821308911,0.09378187833766867,0.08671696117681348,0.1474294360997627,0.12190454664335043,0.17662660673447428,0.1853272987680387,0.07722417308136165,0.12168786409407757,0.13834628617525124,0.15843063640698357,0.10996035161068335
11,jkdz_lms_20180428_close,0,0.13823063138384586,0.12649115632139615,0.19916935595662766,0.12013528023882787,0.31499925398482875,0.45373203909218046,0.5330252816579322,0.5560386743932363,0.48418127118104126,0.5084230515354116,0.14091497861053234,0.10827754958176627,0.18806022375102538,0.35518925990234845,0.46970932553295675,0.5310366248806572,0.258274791536527,0.44141930379476096,0.5664020693524922,0.0026380371653055195,0.0758023706863186,0.24920816656294056,0.5182997355354247,0.5545889493269416,0.1418819109127141,0.19898888860061945,0.42563491605241965,0.5211236691404217,0.14334481612614863,0.17019332220818945,0.34085320106344513,0.3335640756116518,0.24404680993366287,0.13661052503805338,0.3773958086907901,0.48095714492665975,0.5502155359115721,0.5555661368677481,0.21511910650013014,0.18407754071529314,0.14446768943070867,0.2824160117491483,0.44956203736137695,0.5417489094861327,0.5350571317870473,0.5495644852732863,0.16389485536613227,0.11292936915799605,0.25393526694929863,0.4309149794143647,0.5054518811615312,0.5474811972720599,0.09586683826495115,0.1103109698399437,0.14254419481169636,0.1613222027276478,0.34443925162768435,0.49135375106459706,0.5023774849629391,0.5369696995661148,0.12252470818937032,0.5450980845259741,0.5433580186358193,0.5080583392059114,0.336491689814009
12,jkdz_cc_03_20180430_close,0,0.00930885792678833,0.008313230189641386,0.020422550623984053,0.023426067397453735,0.03690076911899049,0.033261123490460676,0.038590685777236726,0.03513066093571573,0.043557856397056664,0.04441711057809357,0.02287743292435945,0.023350292291271422,0.025759827829410675,0.018631731600900467,0.04468857934554474,0.04524176218389725,0.021214608396858913,0.029871340136404804,0.0371236857295832,0.006890857786818072,0.03780841861806516,0.034613819523845464,0.034775784599261755,0.03157747767324189,0.02523182474495306,0.03311685353997215,0.03945012138237193,0.035163879665061064,0.03054971371117014,0.030038974064655007,0.04087377818013417,0.03771685309903333,0.038323784398704305,0.023287806874313845,0.028430969227458112,0.036063343947655334,0.03725935905679994,0.03875670627377519,0.010921871980805846,0.013826862446758644,0.035284688754652814,0.0345664828358315,0.03853013793339881,0.03491160368168663,0.040566134072122534,0.0403243631050974,0.020765576369393954,0.023161221662745177,0.03397370925353578,0.026959652243115553,0.04106688018962562,0.03750087367682739,0.010630001133939861,0.011818401391341922,0.02721677315111928,0.027493328079454128,0.03841973902482387,0.04417862382547525,0.04830120258207262,0.05266694459543704,0.00868018651214792,0.025659392214547615,0.040066352747021375,0.045106049747375636,0.031165868007051505
13,jkdz_zj_20180504_close,0,0.09058805660317154,0.07798762082334545,0.07688841501549584,0.08860733272857738,0.13916486017734409,0.09755056751845019,0.24268718945540207,0.23130216061971037,0.2520042109746126,0.2172500213351797,0.08015354381103651,0.08307553819025557,0.10832507673198495,0.09137830712665898,0.1997993611092293,0.17424317101776104,0.09914656197293426,0.14674559113334273,0.2436890342494395,0.010753947085665839,0.0626581105378165,0.09461511756195705,0.19285224858455896,0.17425907191572182,0.09141598689377557,0.08277940898340437,0.1733835077818757,0.13047937213781688,0.0715422773188256,0.09478468806033036,0.11827642728720156,0.12482278634261176,0.09530701199787153,0.08799176315411464,0.17135014854582845,0.13619016821145494,0.2616321240337142,0.22657215088338162,0.09638685457325816,0.09164928532216822,0.08351864734014704,0.08612380048637042,0.1616234407794047,0.146420608834054,0.26355276528487187,0.2749545798278586,0.08183472298603267,0.08479853574453089,0.13892556674531414,0.0942756959357851,0.22905623962680793,0.22676974184788828,0.08270413465990333,0.0787006425039139,0.08190770610111887,0.08505168817219476,0.11931396243189457,0.12815152405339975,0.2554746038352305,0.22203764646126167,0.07247711594778548,0.14521886550830354,0.2552229511751997,0.2548805778456851,0.14036382565534755
14,jkdz_wlk_20180728_close,0,0.07283155444990737,0.0705698019625912,0.07875201734300781,0.07696705919170885,0.1308468949951303,0.10162856617021457,0.24922907716504544,0.2725084643335092,0.18772654356509794,0.21844638998798313,0.093600198191598,0.07732929602001441,0.11880210550539347,0.09929020037073581,0.22186873872183868,0.22222764190695213,0.0476225935796704,0.11844927935777304,0.24563672409265092,0.004316976391640002,0.052469524705258404,0.047189361461302495,0.22007690875822838,0.2105395836953613,0.07614931675069618,0.0863200525894415,0.18180551273725964,0.15786433292991517,0.11272948246067939,0.08846086011543824,0.1579035965702775,0.13908138879225646,0.08074194557262285,0.07527135359459855,0.13817274819445058,0.09714181649969982,0.26853284781708203,0.2804086224587542,0.08739645249138346,0.08315602919361359,0.08028573092306593,0.07488043194984112,0.18201274356735928,0.18363969250372258,0.24092473683225593,0.28023729526410057,0.08751121309474941,0.08553426349472086,0.12652181389289027,0.08866438493782552,0.24046187857174178,0.26464649324969564,0.08120779503096057,0.07714382350451876,0.09659709864909255,0.09280919855939264,0.15872372316101543,0.14510044825419754,0.21980896099881617,0.2731779585647206,0.07184717208884814,0.21511813539088614,0.24497563063783673,0.1877841014329228,0.14296369664446812
15,jkdz_mwy_20180429_close,0,0.031866490563317584,0.0333705650556724,0.0638854123525707,0.053843374260649376,0.11774614967540736,0.11715544783532708,0.14364185231715662,0.14299310711321878,0.13914749981036392,0.14381976384024628,0.06554843436625686,0.05488631196742231,0.10837265482948984,0.08337941221640281,0.16751027308897137,0.15959280472332618,0.0534505796744968,0.07436372521730591,0.13565581230076051,0.011725322470065563,0.07997202687554468,0.07267049275281365,0.1098719652534585,0.1230842040867304,0.08608233319345156,0.07789132925646307,0.12936640195204138,0.15301035042013528,0.08705920663656068,0.08194530376476095,0.1673110047212019,0.09643604638450022,0.05555725014313518,0.03581251244506902,0.08542287728420693,0.09419937668730774,0.1337912348985961,0.13213201636618596,0.04324307901606784,0.0396161549978697,0.10314552540408035,0.07914591900519355,0.12155959419894932,0.13327811103318832,0.14970334424471118,0.16358892626044072,0.060055150930374966,0.056632885752502846,0.11682374898419493,0.10467736258473677,0.16126895367064742,0.15925951250590872,0.015961016144048455,0.03797568855050926,0.08384361458762589,0.07227635446744353,0.14328209532317898,0.1178031805224339,0.17239984962047705,0.16744777722652515,0.035655188718638604,0.10882337090254207,0.1531097959713181,0.06056886623558334,0.0994486874009341
16,jkdz_cc_20180430_close,0,0.05261903787963369,0.04159038503652553,0.07479457775860744,0.06870420983256563,0.16427132027044844,0.11512936831158356,0.24981209300108823,0.23657865343683857,0.26741847594034157,0.2621729895780822,0.06872333194813186,0.06556979567099915,0.12314003253081104,0.19844386882913034,0.2691710774038076,0.25295785836347306,0.02606927870700312,0.05969608154620739,0.2459084855632176,0.002977307082953702,0.11511232535036833,0.06049518727902245,0.2282101256891541,0.09432902986330967,0.09223494988787971,0.10416123345301515,0.19848559251907302,0.22281371824722235,0.07651021881354594,0.0997780291914796,0.19630026948715332,0.207207188416724,0.12857615833039887,0.062367449261471745,0.11822517110426453,0.06802198573392068,0.24623837975162854,0.24997215347432253,0.044697774771498645,0.06284277084182584,0.11289395750584312,0.11128660550922156,0.22953130885054715,0.19886730092921515,0.26278519913848314,0.25860495665095407,0.07427173830013926,0.06456126788354685,0.14037686670320418,0.1464054966925247,0.26353311857666417,0.23886838954255546,0.059505576705991645,0.04895336933687293,0.09008280697098457,0.09939859600410644,0.19731444275151458,0.24187829554885576,0.29485959702800646,0.296434969930232,0.04575301003607062,0.1672162131153248,0.25951491021998435,0.26640133783538666,0.15143167612382746
17,jkdz_ycm_20180718_close,0,0.024732959753186762,0.022661612493166852,0.06439912693829207,0.09294997079059839,0.11281107132487281,0.1945294964110816,0.3971907306150595,0.47355146524493336,0.43677027653920725,0.44249326253880256,0.09576727960546172,0.10861753933889873,0.19156230740825334,0.2937381723176034,0.40660194600400323,0.503479396064099,0.04254067533888313,0.18635877860850414,0.33674331297769333,0.03279068979791334,0.05102921221810477,0.0814163372471689,0.29888951875352887,0.3549680693141349,0.14258877418237695,0.13152643248493956,0.3268761585091576,0.3773064895052641,0.17607856005378633,0.2152702242316566,0.32168788208569576,0.3967633661247602,0.045827523434689654,0.09094904144948218,0.14858226534356486,0.24291476868146905,0.4213034508074235,0.4734835358390146,0.034083825061168346,0.03876815935026793,0.109883717171321,0.13245898628438427,0.3082083325156646,0.38028564010910143,0.4347594487292332,0.4266488230633395,0.07253158962813332,0.09777212358816731,0.22326735016168042,0.27226599489994724,0.4051419488665721,0.47521960213911735,0.040011330024688686,0.04789546192527917,0.14271493381505634,0.14365939182151655,0.2854456433997136,0.43251310782268054,0.47382078289509577,0.4987317100302297,0.023695536097255426,0.3349556317164795,0.42434241262974626,0.41667179520743514,0.24114851498953135
18,jkdz_swn_20180725_close,0,0.016240249691747196,0.008463392728365033,0.05018418145786744,0.04308175009701003,0.09724817580483486,0.08319559394878165,0.1551771486896547,0.12481170493349143,0.10429148225442099,0.11470112161700706,0.04483637373207583,0.021408721424834007,0.08503011569356514,0.06543923520391207,0.13676934986029132,0.11033065727684482,0.06458895464757732,0.08825210943882913,0.14750384800320976,0.010411635275041863,0.06992608384333941,0.07934398673688924,0.15581642007849297,0.1528419553595452,0.06978535704629674,0.05140402949486234,0.13566533089428512,0.0813338347374726,0.048705152717827646,0.04015029813224791,0.0655391117514146,0.046326709582493734,0.05104456364211289,0.056625358341580306,0.10515204594821238,0.11890314522209185,0.1286268152491442,0.15120464913109807,0.04484808893511381,0.030029287903437663,0.06161286745611158,0.042299067028199105,0.14106101296267734,0.11569083726970146,0.14419958215658696,0.14794208794022237,0.05710587609696745,0.03916315478311627,0.10068235165041871,0.06927955570463303,0.15800222255834473,0.11701368159121125,0.025579789130889843,0.01970793894076859,0.06884883135758854,0.031632413431835205,0.11102941743969702,0.06380727499058171,0.12868349757789788,0.12547093002506787,0.021132750735449707,0.16322728936135256,0.13227562920523786,0.10318753907903717,0.0850605253906393
19,jkdz_chl_20180512_close,0,0.018332991623321356,0.017222629099252446,0.07751197192726073,0.06997446641744343,0.16614287925877896,0.1670621421157139,0.3212152433992287,0.3119322220124707,0.37486172085481906,0.34042801427139946,0.06414364861207855,0.033438980922414215,0.146147676141297,0.12667409916188188,0.3242274998183296,0.2682473717471602,0.08826650476426377,0.16684180187305675,0.3046418941135326,0.008195713477202233,0.0720131854171926,0.07571491284714651,0.23255664263852502,0.27970037408232234,0.10217486624276687,0.05767631712316246,0.22368872689851238,0.21336195048128168,0.10030345735946648,0.04252444287610907,0.2637958038650375,0.2335924499786456,0.0813316521652256,0.07189951168569998,0.1624362679033746,0.1765344210191376,0.3062178769077561,0.3442698874838892,0.0561765310228615,0.0644742632334385,0.09063429869664343,0.08280116996266482,0.23769758868159815,0.22321254655713227,0.37363675261910667,0.3752699060652961,0.06585535107117416,0.05241133043895904,0.14636952095868513,0.1313535843698851,0.31641582212990055,0.3072138565472984,0.012703808678189987,0.005972833293351765,0.09550916614041365,0.07431338321468413,0.24575223237850716,0.21706720290740952,0.354089466595214,0.3576742223411876,0.012792208265005607,0.24207155422422078,0.36833539812084853,0.36850434900960577,0.17677516509545999
20,jkdz_zl_20180613_close,0,0.07228575302824934,0.23047122214704105,0.1776683239165329,0.1208221364763209,0.2692523128823671,0.36813085649313604,0.37744946434255305,0.4818425525530597,0.369485324572825,0.4746113112394821,0.1783955175467515,0.22271331799413163,0.13514343242984406,0.3399940587744585,0.3457108954682004,0.42357201182770743,0.2264530703751369,0.39603190112721315,0.5121424153662294,0.0016833243971708686,0.17846567574337543,0.2715753152185798,0.31672668644678237,0.49832272497985314,0.1798545584524141,0.29190869053104607,0.25684473576541683,0.43999146127613925,0.12605044816665661,0.2780428180403323,0.2571127960507436,0.27523810156408096,0.15193676830158342,0.061044645917414105,0.3365038735266571,0.44654659044176037,0.46064771594262355,0.5163626939127194,0.11707029868918362,0.1143334233762322,0.14429101686043191,0.27422390142369857,0.31692490425266434,0.47375542869453824,0.3813355317429389,0.4749784665740385,0.17777699401564045,0.11767877807589242,0.19395955888476155,0.30504040559093926,0.36680382455515226,0.5073316758606854,0.049363375367059294,0.055552181228173264,0.1911331040232398,0.2849384332367783,0.18317595657143987,0.28715142010767275,0.3793651353422936,0.479604665483669,0.04686983216640279,0.4491199844527179,0.5139227070613542,0.4344602964171942,0.28729995005142783
21,jkdz_hgs_20180523_close,0,0.11825220422502021,0.0834449236731386,0.21403713275351113,0.15860815455202804,0.2549979487264053,0.3264143727809753,0.38099892757665293,0.4252755269802267,0.3927209910097812,0.41584872049215005,0.11713939886940825,0.04511189574946756,0.16824480930592697,0.2497032614855429,0.40331030060439416,0.41749294622176586,0.22611935295783098,0.26998506568996267,0.38129410931606916,0.005028748071668884,0.20032232084510398,0.1200170028518879,0.32867666002282153,0.39476136716328075,0.22396886981513364,0.22018326253626178,0.3426372429422863,0.3456959013662743,0.18100674652067172,0.11412900122201101,0.2953549448095573,0.2657422169638231,0.23348980071291767,0.18193837512941222,0.2878271588454088,0.3461177016535642,0.37206393748205563,0.40822578199002185,0.1609642431644012,0.15455060061287948,0.25243389412577066,0.2394030785629963,0.32000817704555673,0.3937198130117857,0.40061690134173145,0.4373552084047295,0.18548997067829864,0.116990000190308,0.24930159444863292,0.2856142816461358,0.401703112138546,0.4227218256938902,0.11017049716520359,0.059916758034338685,0.07539018161900798,0.15072985959101765,0.33972412455105633,0.24942137763048483,0.40355541322769084,0.43176596419496205,0.11831947887151417,0.36681412927837664,0.4148866894086273,0.3922709126476312,0.2664066432999999
22,jkdz_wj_20180513_close,0,0.05678175564464656,0.0555826131006802,0.06947287161137997,0.07067556928096211,0.10512193791682667,0.08421470488841908,0.15626127037511348,0.12191694226134088,0.1308943114212625,0.12220740502870098,0.06404877030483372,0.05942286428512674,0.0946506535528542,0.07859779720738395,0.15619417144568676,0.12174353484627878,0.07910251142481584,0.09357725027729684,0.12797749758302115,0.004409784106280809,0.009406940522108529,0.07745369026917089,0.11489157352140447,0.09937634838071974,0.08027762380759883,0.07036486589021144,0.1119898385032609,0.09692083525847603,0.08079133607307694,0.06274041234209936,0.11306198658045447,0.0920481411170627,0.069564323807782,0.07059476913578505,0.10051433979746512,0.0859971183114529,0.14562709530891457,0.12268719408725834,0.06509553606264443,0.06425828835756871,0.07970073673871395,0.07721584502209886,0.12998756280199614,0.09472694648970101,0.1354434078615128,0.12294050189154333,0.06907466013224178,0.07058837608066372,0.09859217879666182,0.08134787497085075,0.156229406361524,0.12222187231327471,0.06122811962015732,0.05626554618611862,0.0808412181069838,0.06301941826448502,0.11445413417118319,0.09580825209482756,0.15622541342300825,0.11639668541666613,0.05905415320219543,0.12840036467256133,0.12272500831468323,0.13078418839379805,0.09390294289101371
23,jkdz_hm_20180710_close,0,0.022310409772042815,0.021275468436691872,0.04130546880285669,0.022126493095566083,0.06299514205368904,0.04849694418855994,0.08273017413644689,0.07062365844212799,0.0809841963103224,0.0738261792910516,0.03344435900600881,0.03120792480729004,0.056231954916364,0.04437644332456919,0.08090817519585679,0.05030456440944625,0.0401845050540427,0.06112856794676907,0.08097328843113269,0.006291761991306607,0.053028069756991425,0.04621973555225449,0.06852464195927553,0.06576961533938486,0.05862009149461978,0.04277460564796718,0.07073319756230455,0.05113067295694117,0.04438019666545689,0.03838046728083013,0.04066366971188044,0.04885448644710547,0.04569355875426059,0.03712587006290836,0.06532325745440279,0.059392804730271025,0.08295294912922395,0.07434277118722654,0.03373063678658676,0.02909882833459294,0.05381868007786295,0.03775647434594695,0.06966416925901477,0.060199639734033035,0.08401771412452504,0.08242777526619594,0.04298931799770445,0.025551933148454723,0.05911139493523764,0.04598711067171135,0.08280208790721386,0.06339392970709734,0.027639683858218602,0.025873563522243872,0.039002763179819516,0.037353872855776765,0.06846613489112965,0.04130707979276943,0.08430334540664787,0.06647262860120408,0.02374638078982049,0.06882816192574684,0.08244865556571772,0.07150973927026115,0.05333028192595282
24,jkdz_cc_02_20180430_close,0,0.009175925995090779,0.007861965069396022,0.027464480710968266,0.023538001959456312,0.04147223289489699,0.03977587337932254,0.04066883522280038,0.04095236262051374,0.04388042507577013,0.04436271080169947,0.02217139838694693,0.023234699888201864,0.036016321361638765,0.02336504253695757,0.04629531597131059,0.04771529517566254,0.02111348528156019,0.03187054007817731,0.03843610348328437,0.0052325080246109846,0.043476719206135564,0.035880894982768,0.03701024660481543,0.032556040025369375,0.038859437231481254,0.03898055589382544,0.04280540874728845,0.03811250109794983,0.03474485277203114,0.03118813671659112,0.04324846564209441,0.03729706103627221,0.04886533266414032,0.024973813563525845,0.03158801843384311,0.03809621756646243,0.039851464026588075,0.03978431853380135,0.011829670110367087,0.014331313943085913,0.04645159661369293,0.040523844715883064,0.04091380933035307,0.03820176948597416,0.04175064495334594,0.04149568599675511,0.02804218737528569,0.022975501987580835,0.04246784925761644,0.03170574209777671,0.04435819932383683,0.04221031146417088,0.011219846599518619,0.011424087692529073,0.0368310428645405,0.029403256467769166,0.042141568062002026,0.04635027011265223,0.05079007322373979,0.054696188775239594,0.008493487081737978,0.027337869752825785,0.04117944395092626,0.04510412390349406,0.03412738115321795
25,jkdz_wsn_20180512_close,0,0.14192057444810355,0.13820499760661428,0.12736099263358647,0.11161501871623017,0.17551901233595593,0.1521532604349371,0.27748819459848223,0.2823936225261768,0.33542679094811595,0.3317380525204831,0.16706487951952073,0.1522166378607123,0.23956723618318038,0.24576681883680565,0.29433080809491596,0.320342228311435,0.12293196991763862,0.17385036807109794,0.23396602904343214,0.014067540687193666,0.12200580131202515,0.05676263244428147,0.19593213334012338,0.2067461097534198,0.16877189991125685,0.15885611044521575,0.2398087593079779,0.24477602920571173,0.20700335486232524,0.20596062006841112,0.3163697676182815,0.3052625022929681,0.10473929988936118,0.11963693085198847,0.17430642414806455,0.1708930171759001,0.23946886154701577,0.25171452199048805,0.12288000703338277,0.12724219949531737,0.15748982828153704,0.11923974294509607,0.20118393452490718,0.20995926814481883,0.28405320526982186,0.297101684271182,0.1511460361723412,0.13604142927998816,0.2027461944566944,0.19403142156696226,0.2886962452201092,0.3084537920087625,0.1375650445458853,0.13846583307308957,0.21321031654529612,0.19165003194585753,0.2934364112688144,0.2836217337699956,0.3325676414906973,0.33552777120696103,0.08447640190677683,0.15895827223530096,0.2859572691041578,0.3341534844286877,0.20494992202581053
26,jkdz_zyx_20180429_close,0,0.05859200373658163,0.04617774256544644,0.06247189068475286,0.07098228182543562,0.14757093713531097,0.13003652795831494,0.10165633954947403,0.09549507529033671,0.08309291833863057,0.0816723675632437,0.05309740523881477,0.05906948891627784,0.09027885006527342,0.058204677707677385,0.09527579693157762,0.0835957105750857,0.07517639135426653,0.08524101315777885,0.09279560123547265,0.014868997209796156,0.10977575514903185,0.09655673605044802,0.11003925594615956,0.11105156942405615,0.10204586689474617,0.07918319446533648,0.104005606129418,0.09115914574302718,0.06824788612463971,0.0653882752434988,0.01711968363331909,0.034245170778877156,0.07543084441678481,0.06593709918689789,0.12448933835480729,0.12619923250555243,0.09581311704597303,0.09534221725403452,0.07166314313038456,0.06541364173942725,0.1304576965173117,0.09264233566484713,0.11698641831662936,0.10741722003275289,0.08335078077678419,0.09278527974197828,0.06059751141241327,0.06353548503270223,0.11809184201402394,0.09497535389801862,0.1005634047306108,0.09452279717992243,0.041777774815671284,0.03885219386576985,0.07575719845640151,0.07503281820561876,0.09079620174222679,0.05895617683602988,0.09461306372725738,0.08229293875443687,0.05779275997367832,0.08195721001982999,0.08288054683551282,0.08185181134544324,0.0830147752523725
27,jkdz_zjm_20180519_close,0,0.08908283133139189,0.09940669805617136,0.09043999162430036,0.1148163939723538,0.11679292301842434,0.12906350410200773,0.14360920933315535,0.13898299897471914,0.13805956815856496,0.1338021016391266,0.0936613073395317,0.11447738240259446,0.11039996854473143,0.1268566759322479,0.14084777421278372,0.13564037863580058,0.09881862484276072,0.15921060862236705,0.1378522687924894,0.010215500944838994,0.08569606201944563,0.11524314137412697,0.15547680272015604,0.1385251657289361,0.09259892408704465,0.13029070152168037,0.12952958125756112,0.14013481358802923,0.09688017706128377,0.1251582215834104,0.1228807307599579,0.12745975429211556,0.10080859863381898,0.11413094672265822,0.15868718041971325,0.12524835405859805,0.14313028128841723,0.14010947924606024,0.1011998232561291,0.10716361836858426,0.09354759366457943,0.1303967997873052,0.1340529191424792,0.137280363583442,0.14774248576727317,0.134961575924442,0.09554156179878169,0.1102491212051401,0.11793070850440003,0.13383753704078957,0.14383706599301985,0.13623155492084146,0.08565837699651616,0.11467531031794154,0.07731117036020628,0.12707534193687783,0.12973599084266338,0.13195573858470075,0.15005422862185355,0.13544970671456139,0.09378951587118244,0.15169147997709592,0.1354489158252576,0.1338777447928915,0.12116752932253641
28,jkdz_dhl_20180411_close,0,0.04238212392745747,0.05761151090214974,0.06486323087156026,0.06215435939397399,0.14567581716047817,0.17758180510022797,0.3164427018092853,0.4281359309311494,0.3249034381512454,0.32945993946722407,0.05124457244488828,0.07615155530446219,0.14453825570606862,0.20078650200606993,0.3438811629242121,0.3496171400510496,0.07691839475813876,0.17401011541488057,0.39316920629912017,0.0010749281964354672,0.011267800891229241,0.09349440303680168,0.2259881823328733,0.32296976864170024,0.07890983799723451,0.10386559064141329,0.24942908831868435,0.35470849513797814,0.07113766997648895,0.13384371906242942,0.2288012355203553,0.21488380044496677,0.08621135860962144,0.06439276417582225,0.13790534356817669,0.21824797928615838,0.32947009376937725,0.3798402532043068,0.06591489080897212,0.07339320423624299,0.0641811736979552,0.10516462526623711,0.26658630917123427,0.3057444626870881,0.4007800737264684,0.3683092397113956,0.058533700100386624,0.0721074940836287,0.1375166298290305,0.1944214553336128,0.3655144406311157,0.39615678170292523,0.03792930183849845,0.06176449973254289,0.07998802433093435,0.12337400376071951,0.2418263558502487,0.28821307527438594,0.3751124704937349,0.3084337591168202,0.05140287255019004,0.26146971265854246,0.39374772490766197,0.3359816247049466,0.19530528096314398
29,jkdz_xj_20180709_close,0,0.09463428512431489,0.07389005875680339,0.11576984386096165,0.10090818747954852,0.15017676851943032,0.13642446153805027,0.14710965283535693,0.14700294746469084,0.17941046286430917,0.16606002439203452,0.15684395847777324,0.11761538225803668,0.18673139290339957,0.17202646321745338,0.20581767704518683,0.1739714756062102,0.10735771381849492,0.11413373727990453,0.1341477150046196,0.021195175754738484,0.09955741080226525,0.09603758955843004,0.12633646279764657,0.12511744030248045,0.15249411450795866,0.13480476959187238,0.1685733804324682,0.15976323155165542,0.18142494089783143,0.0995263846285302,0.21547117109311187,0.16562613645743618,0.09851435258218054,0.10190259303471805,0.11862543776682362,0.12353770841640771,0.13737069901454377,0.13555826654125416,0.09826445577242042,0.0985633677247794,0.1326317383178567,0.10729152886386374,0.14492574448291684,0.14517371700269704,0.15020830098088797,0.14555167641244648,0.11564775115667507,0.11222620533437071,0.16391118929591694,0.15751860197573858,0.16110835079965607,0.1574684154297386,0.1233910720215957,0.09659815359904292,0.17050195780263966,0.14618491626242608,0.20767166153005634,0.18237697569806977,0.18071503272038267,0.16262260893745967,0.07789772165286735,0.12693509856532667,0.14720969227683395,0.16722233486551852,0.13783262099470495
